<asf xmlversion="1.0">
	<project caption="Mass Storage Host Demo (Low Level APIs)" id="lufa.demos.host.lowlevel.ms.example.avr8">
		<require idref="lufa.demos.host.lowlevel.ms"/>
		<require idref="lufa.boards.dummy.avr8"/>
		<generator value="as5_8"/>

		<device-support value="at90usb1287"/>
		<config name="lufa.drivers.board.name" value="none"/>

		<build type="define" name="F_CPU" value="16000000UL"/>
		<build type="define" name="F_USB" value="16000000UL"/>
	</project>

	<module type="application" id="lufa.demos.host.lowlevel.ms" caption="Mass Storage Host Demo (Low Level APIs)">
		<info type="description" value="summary">
		Mass Storage Host demo, capable of reading and writing raw 512 byte segments to the device's serial port. This demo uses the Low Level LUFA APIs to manually implement a USB Class for demonstration purposes without using the simpler in-built LUFA Class Driver APIs.
		</info>

 		<info type="gui-flag" value="move-to-root"/>

		<info type="keyword" value="Technology">
			<keyword value="Low Level APIs"/>
			<keyword value="USB Host"/>
			<keyword value="Mass Storage Class"/>
		</info>

		<device-support-alias value="lufa_avr8"/>
		<device-support-alias value="lufa_xmega"/>
		<device-support-alias value="lufa_uc3"/>

		<build type="distribute" subtype="user-file" value="doxyfile"/>
		<build type="distribute" subtype="user-file" value="MassStorageHost.txt"/>

		<build type="c-source" value="MassStorageHost.c"/>
		<build type="c-source" value="ConfigDescriptor.c"/>
		<build type="header-file" value="MassStorageHost.h"/>
		<build type="header-file" value="ConfigDescriptor.h"/>

		<build type="c-source" value="Lib/MassStoreCommands.c"/>
		<build type="header-file" value="Lib/MassStoreCommands.h"/>

		<build type="module-config" subtype="path" value="Config"/>
		<build type="header-file" value="Config/LUFAConfig.h"/>

		<require idref="lufa.common"/>
		<require idref="lufa.platform"/>
		<require idref="lufa.drivers.usb"/>
		<require idref="lufa.drivers.peripheral.usart"/>
		<require idref="lufa.drivers.misc.ansi"/>
		<require idref="lufa.drivers.board"/>
		<require idref="lufa.drivers.board.leds"/>
	</module>
</asf>
